"Name","COVID-19 Cases by Neighborhood Poverty"
"Description","Neighborhood poverty as the percentage of people earning incomes below the Federal Poverty Threshold within a ZCTA, such that:&nbsp;<br />
<em>Low</em>: &lt;10% of residents in ZCTA living below the Federal Poverty Threshold&nbsp;<br />
<em>Medium</em>: 10% to &lt;20%&nbsp;<br />
<em>High</em>: 20% to &lt;30%<br />
<em>Very high</em>: &ge;30% residents living below the FPT<br />
<br />
Rates refer to number of confirmed cases per 100,000 people in ZCTA of residence.&nbsp;"
"Source Notes","New York City Department of Health and Mental Hygiene, COVID-19 Data (2020). Retrieved from:&nbsp;<a href=""https://github.com/nychealth/coronavirus-data"" target=""_blank"">https://github.com/nychealth/coronavirus-data</a><br />
<br />
<strong><strong>Data are updated weekly.&nbsp;</strong></strong>"
"Notes","Data are cumulative and do not represent new cases per day listed. Data are being collected in real-time and are preliminary and subject to change as COVID-19 response continues. Due to delays in reporting, recent data are incomplete.&nbsp;"

Location,Neighborhood Poverty,TimeFrame,DataFormat,Data,Fips
New York City,Low,05/19,Rate,1699.15,3651000
New York City,Medium,05/19,Rate,2028,3651000
New York City,High,05/19,Rate,2145.95,3651000
New York City,Very High,05/19,Rate,2506.75,3651000
New York City,Low,05/19,Number,31629,3651000
New York City,Medium,05/19,Number,74492,3651000
New York City,High,05/19,Number,45689,3651000
New York City,Very High,05/19,Number,34108,3651000
New York City,Low,05/22,Rate,1713.68,3651000
New York City,Medium,05/22,Rate,2049.27,3651000
New York City,High,05/22,Rate,2170.39,3651000
New York City,Very High,05/22,Rate,2533.19,3651000
New York City,Low,05/22,Number,31899,3651000
New York City,Medium,05/22,Number,75259,3651000
New York City,High,05/22,Number,46209,3651000
New York City,Very High,05/22,Number,34471,3651000
New York City,Low,05/25,Rate,1728.25,3651000
New York City,Medium,05/25,Rate,2068.84,3651000
New York City,High,05/25,Rate,2191.95,3651000
New York City,Very High,05/25,Rate,2561.69,3651000
New York City,Low,05/25,Number,32170,3651000
New York City,Medium,05/25,Number,75972,3651000
New York City,High,05/25,Number,46660,3651000
New York City,Very High,05/25,Number,34861,3651000
New York City,Low,05/29,Number,32517,3651000
New York City,Medium,05/29,Number,77141,3651000
New York City,High,05/29,Number,47336,3651000
New York City,Very High,05/29,Number,35385,3651000
New York City,Low,05/29,Rate,1746.84,3651000
New York City,Medium,05/29,Rate,2100.92,3651000
New York City,High,05/29,Rate,2224.03,3651000
New York City,Very High,05/29,Rate,2600.46,3651000
New York City,Low,06/01,Number,32735,3651000
New York City,Medium,06/01,Number,77791,3651000
New York City,High,06/01,Number,47794,3651000
New York City,Very High,06/01,Number,35668,3651000
New York City,Low,06/01,Rate,1758.51,3651000
New York City,Medium,06/01,Rate,2118.81,3651000
New York City,High,06/01,Rate,2245.62,3651000
New York City,Very High,06/01,Rate,2620.95,3651000
New York City,Low,06/05,Number,32984,3651000
New York City,Medium,06/05,Number,78506,3651000
New York City,High,06/05,Number,48326,3651000
New York City,Very High,06/05,Number,35998,3651000
New York City,Low,06/05,Rate,1772.15,3651000
New York City,Medium,06/05,Rate,2138.53,3651000
New York City,High,06/05,Rate,2270.71,3651000
New York City,Very High,06/05,Rate,2645.2,3651000
New York City,Low,06/08,Number,33149,3651000
New York City,Medium,06/08,Number,79017,3651000
New York City,High,06/08,Number,48728,3651000
New York City,Very High,06/08,Number,36245,3651000
New York City,Low,06/08,Rate,1780.79,3651000
New York City,Medium,06/08,Rate,2152.62,3651000
New York City,High,06/08,Rate,2289.66,3651000
New York City,Very High,06/08,Rate,2663.43,3651000
New York City,Low,06/12,Number,33372,3651000
New York City,Medium,06/12,Number,79628,3651000
New York City,High,06/12,Number,49119,3651000
New York City,Very High,06/12,Number,36540,3651000
New York City,Low,06/12,Rate,1792.88,3651000
New York City,Medium,06/12,Rate,2169.44,3651000
New York City,High,06/12,Rate,2308.13,3651000
New York City,Very High,06/12,Rate,2685.22,3651000
New York City,Low,06/15,Number,33518,3651000
New York City,Medium,06/15,Number,80051,3651000
New York City,High,06/15,Number,49487,3651000
New York City,Very High,06/15,Number,36730,3651000
New York City,Low,06/15,Rate,1800.57,3651000
New York City,Medium,06/15,Rate,2181.07,3651000
New York City,High,06/15,Rate,2325.24,3651000
New York City,Very High,06/15,Rate,2699.06,3651000
New York City,Low,06/19,Number,33695,3651000
New York City,Medium,06/19,Number,80581,3651000
New York City,High,06/19,Number,49874,3651000
New York City,Very High,06/19,Number,36969,3651000
New York City,Low,06/19,Rate,1810.39,3651000
New York City,Medium,06/19,Rate,2195.76,3651000
New York City,High,06/19,Rate,2343.49,3651000
New York City,Very High,06/19,Rate,2716.38,3651000
New York City,Low,06/22,Number,33845,3651000
New York City,Medium,06/22,Number,81007,3651000
New York City,High,06/22,Number,50175,3651000
New York City,Very High,06/22,Number,37136,3651000
New York City,Low,06/22,Rate,1818.76,3651000
New York City,Medium,06/22,Rate,2207.57,3651000
New York City,High,06/22,Rate,2357.69,3651000
New York City,Very High,06/22,Rate,2728.69,3651000
New York City,Low,06/26,Number,34012,3651000
New York City,Medium,06/26,Number,81457,3651000
New York City,High,06/26,Number,50564,3651000
New York City,Very High,06/26,Number,37401,3651000
New York City,Low,06/26,Rate,1828.29,3651000
New York City,Medium,06/26,Rate,2219.98,3651000
New York City,High,06/26,Rate,2376.16,3651000
New York City,Very High,06/26,Rate,2748.06,3651000
New York City,Low,06/30,Number,34164,3651000
New York City,Medium,06/30,Number,81885,3651000
New York City,High,06/30,Number,50920,3651000
New York City,Very High,06/30,Number,37636,3651000
New York City,Low,06/30,Rate,1837.22,3651000
New York City,Medium,06/30,Rate,2232.01,3651000
New York City,High,06/30,Rate,2392.91,3651000
New York City,Very High,06/30,Rate,2765.24,3651000
New York City,Low,07/09,Number,34598,3651000
New York City,Medium,07/09,Number,83162,3651000
New York City,High,07/09,Number,51856,3651000
New York City,Very High,07/09,Number,38596,3651000
New York City,Low,07/09,Rate,1862.73,3651000
New York City,Medium,07/09,Rate,2267.8,3651000
New York City,High,07/09,Rate,2437.57,3651000
New York City,Very High,07/09,Rate,2835.52,3651000
New York City,Low,07/20,Number,35130,3651000
New York City,Medium,07/20,Number,84381,3651000
New York City,High,07/20,Number,52795,3651000
New York City,Very High,07/20,Number,39309,3651000
New York City,Low,07/20,Rate,1894.69,3651000
New York City,Medium,07/20,Rate,2302.64,3651000
New York City,High,07/20,Rate,2482.72,3651000
New York City,Very High,07/20,Rate,2887.48,3651000
New York City,Low,07/30,Number,35590,3651000
New York City,Medium,07/30,Number,85494,3651000
New York City,High,07/30,Number,53613,3651000
New York City,Very High,07/30,Number,39928,3651000
New York City,Low,07/30,Rate,1921.54,3651000
New York City,Medium,07/30,Rate,2334.43,3651000
New York City,High,07/30,Rate,2522.31,3651000
New York City,Very High,07/30,Rate,2932.12,3651000
New York City,Low,08/05,Number,35832,3651000
New York City,Medium,08/05,Number,86114,3651000
New York City,High,08/05,Number,54065,3651000
New York City,Very High,08/05,Number,40284,3651000
New York City,Low,08/05,Rate,1936.16,3651000
New York City,Medium,08/05,Rate,2352.31,3651000
New York City,High,08/05,Rate,2544.37,3651000
New York City,Very High,08/05,Rate,2957.96,3651000
New York City,Low,08/16,Number,36361,3651000
New York City,Medium,08/16,Number,87450,3651000
New York City,High,08/16,Number,55101,3651000
New York City,Very High,08/16,Number,41144,3651000
New York City,Low,08/16,Rate,1967.8,3651000
New York City,Medium,08/16,Rate,2390.31,3651000
New York City,High,08/16,Rate,2594.26,3651000
New York City,Very High,08/16,Rate,3020.42,3651000
New York City,Low,08/23,Number,36638,3651000
New York City,Medium,08/23,Number,88162,3651000
New York City,High,08/23,Number,55565,3651000
New York City,Very High,08/23,Number,41475,3651000
New York City,Low,08/23,Rate,1984.44,3651000
New York City,Medium,08/23,Rate,2411.21,3651000
New York City,High,08/23,Rate,2616.79,3651000
New York City,Very High,08/23,Rate,3044.32,3651000
New York City,Low,09/07,Number,37151,3651000
New York City,Medium,09/07,Number,89413,3651000
New York City,High,09/07,Number,56561,3651000
New York City,Very High,09/07,Number,42126,3651000
New York City,Low,09/07,Rate,2015.78,3651000
New York City,Medium,09/07,Rate,2447.18,3651000
New York City,High,09/07,Rate,2665.17,3651000
New York City,Very High,09/07,Rate,3091.27,3651000
New York City,Low,09/14,Number,37524,3651000
New York City,Medium,09/14,Number,90130,3651000
New York City,High,09/14,Number,57038,3651000
New York City,Very High,09/14,Number,42383,3651000
New York City,Low,09/14,Rate,2038.64,3651000
New York City,Medium,09/14,Rate,2467.76,3651000
New York City,High,09/14,Rate,2687.87,3651000
New York City,Very High,09/14,Rate,3109.36,3651000
New York City,Low,09/27,Number,38234,3651000
New York City,Medium,09/27,Number,91996,3651000
New York City,High,09/27,Number,58184,3651000
New York City,Very High,09/27,Number,43015,3651000
New York City,Low,09/27,Rate,2081.59,3651000
New York City,Medium,09/27,Rate,2523.03,3651000
New York City,High,09/27,Rate,2743.68,3651000
New York City,Very High,09/27,Rate,3154.48,3651000
New York City,Low,10/07,Number,38960,3651000
New York City,Medium,10/07,Number,93995,3651000
New York City,High,10/07,Number,59576,3651000
New York City,Very High,10/07,Number,43739,3651000
New York City,Low,10/07,Rate,2127.53,3651000
New York City,Medium,10/07,Rate,2582.22,3651000
New York City,High,10/07,Rate,2811.24,3651000
New York City,Very High,10/07,Rate,3206.6,3651000
New York City,Low,10/14,Number,39549,3651000
New York City,Medium,10/14,Number,95409,3651000
New York City,High,10/14,Number,60527,3651000
New York City,Very High,10/14,Number,44247,3651000
New York City,Low,10/14,Rate,2162.77,3651000
New York City,Medium,10/14,Rate,2623.74,3651000
New York City,High,10/14,Rate,2857.3,3651000
New York City,Very High,10/14,Rate,3243.09,3651000
New York City,Low,10/21,Number,40187,3651000
New York City,Medium,10/21,Number,96923,3651000
New York City,High,10/21,Number,61447,3651000
New York City,Very High,10/21,Number,44839,3651000
New York City,Low,10/28,Number,40853,3651000
New York City,Medium,10/28,Number,98400,3651000
New York City,High,10/28,Number,62388,3651000
New York City,Very High,10/28,Number,45484,3651000
New York City,Low,10/21,Rate,2202.08,3651000
New York City,Medium,10/21,Rate,2667.83,3651000
New York City,High,10/21,Rate,2902.2,3651000
New York City,Very High,10/21,Rate,3285.77,3651000
New York City,Low,10/28,Rate,2242.21,3651000
New York City,Medium,10/28,Rate,2711.32,3651000
New York City,High,10/28,Rate,2947.93,3651000
New York City,Very High,10/28,Rate,3332.18,3651000
New York City,Low,11/04,Number,41738,3651000
New York City,Medium,11/04,Number,100166,3651000
New York City,High,11/04,Number,63510,3651000
New York City,Very High,11/04,Number,46144,3651000
New York City,Low,11/12,Number,41896,3651000
New York City,Medium,11/12,Number,108752,3651000
New York City,High,11/12,Number,65756,3651000
New York City,Very High,11/12,Number,42424,3651000
New York City,Low,11/04,Rate,2297.16,3651000
New York City,Medium,11/04,Rate,2762.92,3651000
New York City,High,11/04,Rate,3002.83,3651000
New York City,Very High,11/04,Rate,3379.37,3651000
New York City,Low,11/12,Rate,2357.21,3651000
New York City,Medium,11/12,Rate,2879.87,3651000
New York City,High,11/12,Rate,3102.18,3651000
New York City,Very High,11/12,Rate,3763.88,3651000
